CustomerID,FirstName,LastName,Email,PhoneNumber,Address,City,State,PostalCode,Country
1,Megan,Pratt,johndennis@gmail.com,(791)256-0976,526 Nelson Park,New Robert,RI,62772,USA
2,Katherine,West,laura56@garcia.com,,48487 Kendra Ports Suite 076,South Jean,MT,18981,USA
3,Robert,Miller,johnsoncynthia@greer.com,abc1234,5700 Singh Bypass,,ND,30419,USA
4,Jonathan,Flores,leetara@martinez.com,264-183-0675x3751,943 Hughes Village Suite 319,South George,IN,58291,USA
5,William,Romero,huffchad@gmail.com,0740899331,98522 Mathis Viaduct Apt. 909,Cunninghamfurt,MT,37662,USA
6,Richard,Cantu,ryan08@yahoo.com,,5445 Patton Rapid,Lake Briannamouth,NJ,47683,USA
7,Kristen,Rodriguez,,(207)660-7541x51150,02907 Matthew Branch Suite 493,New Morgan,AL,86129,USA
8,Kevin,Arnold,tammybrown@moore.com,(520)351-9230x310,642 Bryan Route,South Christineview,IL,64226,USA
9,Thomas,Mann,alexandermaldonado@hotmail.com,509-322-7175x4203,188 Fischer Grove,Piercefurt,WV,79071,USA
10,Brandy,Kelley,paul42@hotmail.com,(574)485-2911x894,0644 Branch Field Suite 208,Bakerbury,RI,20005,USA
11,Rebecca,Olsen,vharmon@williams.info,(622)358-3324,965 Herring Points,Erikberg,AK,68970,USA
12,William,Fernandez,emily99@gmail.com,(602)906-1126x486,930 Rice Estate Apt. 570,Jonesland,MI,90219,USA
13,Juan,Maynard,,001-296-451-3758x0660,342 Miller Mission,Longchester,MN,11977,USA
14,Katelyn,Morrison,hollymoore@walsh.org,(573)547-1214x18927,781 Frank Circles,West Timothyville,MA,INVALID,USA
15,Christine,Matthews,,(266)237-5825x7173,644 Macias Trail Suite 951,Donaldville,NH,39809,USA
16,John,Wallace,seangreen@griffin.net,,70436 Graham Roads Suite 097,Lake Michelle,DC,68370,USA
17,Renee,Carlson,simpsonlarry@williams-carson.biz,abc1234,294 Short Locks Suite 820,New Angelica,NC,83194,USA
18,Tonya,Cruz,monroedavid@morales.biz,689-671-4543x910,550 James Creek,North Michelleside,KS,88733,USA
19,Lisa,Johnston,,448-518-3216,50562 Russell Divide Apt. 648,Kleinville,VT,16590,USA
20,Rachel,Roberts,davidbanks@ramirez-good.com,482-983-8168x6447,22708 Madison Spurs,Hansenmouth,KY,08233,USA
21,Kyle,Lopez,bburton@yahoo.com,(922)116-6972x845,59118 Lisa Flats Suite 544,,UT,20831,USA
22,Jessica,Lopez,callahandennis@hotmail.com,+1-763-778-5707x4270,78209 Darlene Bypass Suite 137,Robersonport,RI,45433,USA
23,Rachel,Salazar,wigginsjoshua@gmail.com,+1-305-760-8116x050,8252 Ingram Centers,Jeffreyfort,TN,05309,USA
24,Gabriella,Douglas,harrisjordan@potts-mays.com,904-432-9431,501 Ronald Knoll,Staceyhaven,MS,44336,USA
25,Thomas,Alvarez,xbowman@hotmail.com,(756)256-6272x85232,6851 Logan Brooks Apt. 205,Christopherport,OK,81999,USA
26,Craig,Davis,nicholascarter@hernandez.com,566.763.3739x060,60460 Michael Village,Perezstad,MD,21519,USA
27,Ryan,Todd,morganchristine@gmail.com,125.023.9491,0759 Chambers Port,Valenciaberg,MT,61921,USA
28,Cheryl,Mcdowell,edwardsilva@yahoo.com,001-845-670-8869x774,2074 Stacy Circles Suite 110,West Sharon,NY,51658,USA
29,Robin,Mclean,kellywoods@gmail.com,001-735-400-0250x402,26905 Gibbs Summit Suite 710,Kellerstad,OH,89339,USA
30,Tammy,Kirby,hayden81@powell-murphy.biz,639-683-7359,0811 Howard Courts Suite 028,Patrickberg,UT,25094,USA
31,Thomas,Villanueva,hoffmantimothy@randall-cherry.com,abc1234,06528 Ethan Tunnel Apt. 395,South Michaelfort,NJ,54433,USA
32,Michelle,Leblanc,fwilson@johnson-rogers.com,3513853344,6033 Murphy Freeway,Lake Jenna,NY,65525,USA
33,Jorge,Fernandez,odrake@jones.com,864-753-0481x0777,26759 Paul Trail Apt. 290,Ryanstad,NV,25673,USA
34,Linda,Myers,cruzcorey@stone.org,6777111312,220 Madison Pass Apt. 001,,HI,22457,USA
35,Ana,Thornton,omiller@richards-jackson.com,(379)168-6023x73245,60669 Dawson Dam,South Rebeccaville,OH,INVALID,USA
36,Alexis,Hill,,618-498-3478x97844,386 David Port Suite 166,Moorebury,DC,06678,USA
37,Jennifer,Cain,mgoodwin@crawford.com,019.126.3340,6363 Sanders Prairie,West Victor,KS,44929,USA
38,Raymond,Atkinson,cindygarcia@gray-payne.com,001-886-016-4195x3843,4858 Cassandra Tunnel,Lake Patrickfurt,CO,89903,USA
39,Mallory,Jacobson,zhernandez@frazier.com,,40956 Amanda Walk Apt. 260,Palmershire,NY,68777,USA
40,Elizabeth,Lawrence,mreid@hotmail.com,559.026.2281x23793,661 Munoz Estates Apt. 576,Lake Reginald,IN,INVALID,USA
41,Aaron,Herring,petersonsydney@meyers-johnson.com,236.599.2719,481 Reed Road,Tommymouth,IA,95387,USA
42,Tristan,Riley,meganaguilar@hotmail.com,8957740382,8034 Jennifer Islands Suite 604,North Thomasfurt,NJ,43499,USA
43,Mikayla,Hayes,marshzachary@gmail.com,+1-778-514-2963x54603,64635 David Ridge Suite 206,,MT,24513,USA
44,John,Keller,davidturner@rivera-martin.com,5357345240,1168 Gary Fords Apt. 308,New Kelseychester,NV,68554,USA
45,Mark,Davies,william88@gmail.com,(980)250-7003x003,5945 Leah Walk,West Jamesmouth,AL,71643,USA
46,Monica,Stark,burgessrebecca@roberts.biz,+1-510-562-3762x5425,2585 Rhonda Streets Suite 365,North Henry,MO,93899,USA
47,James,Leon,olawson@gmail.com,001-660-648-8709x1662,8466 Frances Drives Apt. 099,Anthonyton,WI,78421,USA
48,Ashley,Miller,kevinhudson@jones-heath.com,,399 Joseph Street,South Amandaberg,IN,76875,USA
49,John,Salazar,dpatrick@gmail.com,2821691972,1001 Roth Orchard,,IA,57391,USA
50,Tammy,Tucker,justingreer@mcmahon.biz,+1-904-560-0715x427,75947 Sandra Points Apt. 820,Lake Steventown,NJ,20443,USA
